ID de la playlist,Ajouter les nouvelles vidéos en haut,Code temporel de création de l'image 1 de la playlist,Image de la playlist 1 URL,Image de la playlist 1 Hauteur,Image de la playlist 1 Largeur,Titre (d'origine) de la playlist,Langue (d'origine) du titre de la playlist,Code temporel de création de la playlist,Code temporel de modification de la playlist,Ordre des vidéos de la playlist,Visibilité de la playlist
PLo8XFbXtbnKRVhG8NZa6mSJiXjbNPaNED,Faux,2021-01-17T06:21:38.219025991+00:00,https://yt3.ggpht.com/OPRAh9n1oPVSpfBd-yU5MrOwwtFxRj9d_hER5RuFoYmL3UupBHmKQyFGY1kPfYxGJJf7FEuqY1mi,1000,1000,Plus,,2018-06-29T09:00:32+00:00,2021-01-17T06:21:38+00:00,Manuel,Publique
PLo8XFbXtbnKR-7-9PaaQmj2nmCBQXJoIb,Faux,,,,,aaa,,2018-03-23T19:17:14+00:00,2018-09-12T19:04:25+00:00,Manuel,Publique
PLo8XFbXtbnKRA_eR9sgH3UOb-sdWtYMVZ,Faux,,,,,Casseurs Flowters - Comment c'est loin,,2016-06-19T12:29:46+00:00,2016-11-04T23:22:33+00:00,Manuel,Privée
PLo8XFbXtbnKTqkkTwmBZ6rk3Q7Eg0iP8e,Faux,,,,,Watch later,en_US,2013-11-05T17:08:30+00:00,2021-03-12T05:38:45+00:00,Date d'ajout (plus récentes),Privée





