URL du titre,Titre de la chanson,Titre de l'album,Nom de l'artiste
https://music.youtube.com/watch?v=tkb3eQKwkmo,ALZ,Double hélice 3,Caballero & JeanJass
https://music.youtube.com/watch?v=eMZU0NtmoAw,Bigflo & Oli,High & Fines Herbes,Caballero & JeanJass
https://music.youtube.com/watch?v=aUCoihIhEeE,Boîte auto,Taxi 5 (Bande originale inspirée du film),Ninho
https://music.youtube.com/watch?v=ZOoFVn7cCKo,Hier (feat. SCH),Polak,PLK
https://music.youtube.com/watch?v=NI2qzsbfchA,Mon survet,Jok'Rambo,Jok'Air
https://music.youtube.com/watch?v=CDqJXz5-uDU,Naha,Dans la légende,PNL
https://music.youtube.com/watch?v=fSd2-yg0JFA,Nous aussi 2,Nous aussi 2,Bigflo & Oli
https://music.youtube.com/watch?v=SCC-PwfqR1U,Prison Vide,Prison Vide,L'Or du Commun
