ID des chaînes,URL des chaînes,Titres des chaînes
UC-4M8AN08hw39nn2v91VuMQ,http://www.youtube.com/channel/UC-4M8AN08hw39nn2v91VuMQ,CYRILmp4
UC-6TxFNjRXDwCBicVMmK5vg,http://www.youtube.com/channel/UC-6TxFNjRXDwCBicVMmK5vg,Kyan Khojandi
UC-G8Qz6e5E_KcVFdDh5B0Tw,http://www.youtube.com/channel/UC-G8Qz6e5E_KcVFdDh5B0Tw,
UC-LUlLNVnksanFIZI40htpg,http://www.youtube.com/channel/UC-LUlLNVnksanFIZI40htpg,Noémie BURONFOSSE
UC-NwsBEyZqZnPc9OaCFJSsw,http://www.youtube.com/channel/UC-NwsBEyZqZnPc9OaCFJSsw,Rilès
UC0NCbj8CxzeCGIF6sODJ-7A,http://www.youtube.com/channel/UC0NCbj8CxzeCGIF6sODJ-7A,Science4All
UC1MBcoEUxNAMMUWHyoGBIaA,http://www.youtube.com/channel/UC1MBcoEUxNAMMUWHyoGBIaA,CYRILstudio
UC1_1mcW4AwdcDApXLzMge4A,http://www.youtube.com/channel/UC1_1mcW4AwdcDApXLzMge4A,Le Jimmy Labeeu
UC2MkGUdvE1XERzDfsUdIZzg,http://www.youtube.com/channel/UC2MkGUdvE1XERzDfsUdIZzg,CHOWH1 TV
UC2PN7nk7vhNIbz0YIkoTULA,http://www.youtube.com/channel/UC2PN7nk7vhNIbz0YIkoTULA,Comité Des Reprises
UC2UT8pPDlUvRbQXTVOf5Ocw,http://www.youtube.com/channel/UC2UT8pPDlUvRbQXTVOf5Ocw,Henri Hihacks
UC2vd3Rex1eRnNHujr54anZw,http://www.youtube.com/channel/UC2vd3Rex1eRnNHujr54anZw,guirec brb
UC33lqxChj2yKSoSjK6NWkZQ,http://www.youtube.com/channel/UC33lqxChj2yKSoSjK6NWkZQ,MrBboy45
UC3YvnuG8yLdgGYnzUzTMyFg,http://www.youtube.com/channel/UC3YvnuG8yLdgGYnzUzTMyFg,Elio Avila Muñoz
UC3dKh4hqSYCR19R6j4Ju97w,http://www.youtube.com/channel/UC3dKh4hqSYCR19R6j4Ju97w,SUPERMAX
UC3xV3tOWJW7bUTP3S4TXMoA,http://www.youtube.com/channel/UC3xV3tOWJW7bUTP3S4TXMoA,The Fantastiques
UC4BeVqRAT9MzMd8ItfmftiQ,http://www.youtube.com/channel/UC4BeVqRAT9MzMd8ItfmftiQ,Aperotube
UC4d4fybudarK-UvQ4cCYF6A,http://www.youtube.com/channel/UC4d4fybudarK-UvQ4cCYF6A,Ateka Production
UC4fBqX4kA7uE8KvPZDrH7jQ,http://www.youtube.com/channel/UC4fBqX4kA7uE8KvPZDrH7jQ,Mashup par HugoDécrypte
UC4ifYvfu2in5TT6V0thbOVg,http://www.youtube.com/channel/UC4ifYvfu2in5TT6V0thbOVg,DarkFuneral972
UC4ii4_aeS8iOFzsHuhJTq2w,http://www.youtube.com/channel/UC4ii4_aeS8iOFzsHuhJTq2w,Poisson Fécond
UC5f7mqpu4JipuK43PL9lnog,http://www.youtube.com/channel/UC5f7mqpu4JipuK43PL9lnog,Sneazzy
UC5nc1sjLnE-0_1l_7NOVL_g,http://www.youtube.com/channel/UC5nc1sjLnE-0_1l_7NOVL_g,NoPainNoGame
UC5wpkffQSa3_jZqCGQagypg,http://www.youtube.com/channel/UC5wpkffQSa3_jZqCGQagypg,What's the Mashup ?
UC725v4aCymVnB88-thgEJ5A,http://www.youtube.com/channel/UC725v4aCymVnB88-thgEJ5A,maximemusqua
UC7HvOYL0E1yWe7Fp31TWvXQ,http://www.youtube.com/channel/UC7HvOYL0E1yWe7Fp31TWvXQ,47Ter
UC7L0QraANCDsDK_MmTUj9zg,http://www.youtube.com/channel/UC7L0QraANCDsDK_MmTUj9zg,PRIME MUSIC
UC8Q0SLrZLiTj5s4qc9aad-w,http://www.youtube.com/channel/UC8Q0SLrZLiTj5s4qc9aad-w,Mister V
UC8hTRNKHRYlkKHze7LnUo5g,http://www.youtube.com/channel/UC8hTRNKHRYlkKHze7LnUo5g,Les Questions Cons Gaming
UC8mzRMUwZTGGFKcDZp9YzYg,http://www.youtube.com/channel/UC8mzRMUwZTGGFKcDZp9YzYg,2750 MSport
UC9gcw8-7IzzaosI4c0KCP0g,http://www.youtube.com/channel/UC9gcw8-7IzzaosI4c0KCP0g,Cash Investigation
UC9pVaOtZ8vdLBrlHu5xaaOA,http://www.youtube.com/channel/UC9pVaOtZ8vdLBrlHu5xaaOA,Paul Taylor - Canal Plus
UCA5sfitizqs1oEbB5KY4uKQ,http://www.youtube.com/channel/UCA5sfitizqs1oEbB5KY4uKQ,Aypierre
UCApno_cUsbCu7LiEL7cDu3g,http://www.youtube.com/channel/UCApno_cUsbCu7LiEL7cDu3g,COCOBONGO
UCAurJS6W9SOtGFgNF3909UA,http://www.youtube.com/channel/UCAurJS6W9SOtGFgNF3909UA,Ivan Bede
UCB0qpLkjzVlVZ4c8nKiCEyw,http://www.youtube.com/channel/UCB0qpLkjzVlVZ4c8nKiCEyw,pvnova
UCB9gfNOymNLIm5J8lf4MhtA,http://www.youtube.com/channel/UCB9gfNOymNLIm5J8lf4MhtA,Sylvain Lyve
UCB_qr75-ydFVKSF9Dmo6izg,http://www.youtube.com/channel/UCB_qr75-ydFVKSF9Dmo6izg,FORMULA 1
UCC1Tdag0L4dfOEDAsWW6TvQ,http://www.youtube.com/channel/UCC1Tdag0L4dfOEDAsWW6TvQ,Nassim Sahili
UCC9mlCpyisiIpp9YA9xV-QA,http://www.youtube.com/channel/UCC9mlCpyisiIpp9YA9xV-QA,Vilebrequin
UCCFqUJYKT97UerMmb6DM0bw,http://www.youtube.com/channel/UCCFqUJYKT97UerMmb6DM0bw,GOTAGA
UCCNW4Qbv3N0oEB2oVu2BUtw,http://www.youtube.com/channel/UCCNW4Qbv3N0oEB2oVu2BUtw,francetv slash / enquêtes
UCCWSG8MXoqvIEBPRnOSxwzw,http://www.youtube.com/channel/UCCWSG8MXoqvIEBPRnOSxwzw,Scump
UCC_r3spMB5i5QKgtdNVO0OQ,http://www.youtube.com/channel/UCC_r3spMB5i5QKgtdNVO0OQ,Pierre Croce
UCCelP6iJfYoj0Ea3qXqugXQ,http://www.youtube.com/channel/UCCelP6iJfYoj0Ea3qXqugXQ,Mike Horn
UCDPK_MTu3uTUFJXRVcTJcEw,http://www.youtube.com/channel/UCDPK_MTu3uTUFJXRVcTJcEw,Mcfly et Carlito
UCEUZRSYr1a2hnBfnpWslFeQ,http://www.youtube.com/channel/UCEUZRSYr1a2hnBfnpWslFeQ,Djilsi
UCFyn7cjaJaO9DgsYh8N_XYw,http://www.youtube.com/channel/UCFyn7cjaJaO9DgsYh8N_XYw,PRIME EN LIVE
UCG6EI0qIkswyqLpFPTz0yGA,http://www.youtube.com/channel/UCG6EI0qIkswyqLpFPTz0yGA,Benoît - Diablox9
UCH6ppHEvV3_WIXEwmhv9HEg,http://www.youtube.com/channel/UCH6ppHEvV3_WIXEwmhv9HEg,Deus Ex Silicium
UCHAb7LfYSvfEmY1EqrgRvnA,http://www.youtube.com/channel/UCHAb7LfYSvfEmY1EqrgRvnA,DiGiDiX
UCIdnqo-pX3ZiM0YKAVRdTkA,http://www.youtube.com/channel/UCIdnqo-pX3ZiM0YKAVRdTkA,Roman Frayssinet
UCIu-3z3pQGcmtRzfi8NSVuA,http://www.youtube.com/channel/UCIu-3z3pQGcmtRzfi8NSVuA,LE FRIGO
UCJLCqXHtx_K7L53aib4vBng,http://www.youtube.com/channel/UCJLCqXHtx_K7L53aib4vBng,Alison Wheeler
UCJlvyoYGLr3UIV0oD4-aarA,http://www.youtube.com/channel/UCJlvyoYGLr3UIV0oD4-aarA,Riding Zone
UCJruTcTs7Gn2Tk7YC-ENeHQ,http://www.youtube.com/channel/UCJruTcTs7Gn2Tk7YC-ENeHQ,Golden Moustache (M6)
UCJujF_eaRmfmKAKlIHUl6Sw,http://www.youtube.com/channel/UCJujF_eaRmfmKAKlIHUl6Sw,Yann-Cj23
UCK3inMNRNAVUleEbpDU1k2g,http://www.youtube.com/channel/UCK3inMNRNAVUleEbpDU1k2g,SEB
UCKeL_a8Pu3bdt251ICPV8bA,http://www.youtube.com/channel/UCKeL_a8Pu3bdt251ICPV8bA,Haroun
UCLp01oSeaIBxV_KcrH2_CMg,http://www.youtube.com/channel/UCLp01oSeaIBxV_KcrH2_CMg,Rendez-vous en terre inconnue/Nos terres inconnues
UCM4Ye6Lr2Dv765nLWCNTj8A,http://www.youtube.com/channel/UCM4Ye6Lr2Dv765nLWCNTj8A,DRYV
UCM7OWWNrxh6de-UwlodmiHg,http://www.youtube.com/channel/UCM7OWWNrxh6de-UwlodmiHg,Lucas Laffineur
UCM_IyoWiSgLS0BeiJvmWI6A,http://www.youtube.com/channel/UCM_IyoWiSgLS0BeiJvmWI6A,Julien Pestel
UCMd69qMgmF90Zm3Nu_s3qNQ,http://www.youtube.com/channel/UCMd69qMgmF90Zm3Nu_s3qNQ,thoyy
UCOM3hIIJ3ZcpWQEKProj5Ig,http://www.youtube.com/channel/UCOM3hIIJ3ZcpWQEKProj5Ig,CHOWH1
UCP-gzfxreLGDsUlN4pbF1Bg,http://www.youtube.com/channel/UCP-gzfxreLGDsUlN4pbF1Bg,La musique selon M@tth
UCPJJkwm48LGt7LC6tUZMWZQ,http://www.youtube.com/channel/UCPJJkwm48LGt7LC6tUZMWZQ,Eric Flag
UCQuHBubjowOa_q10P34KnoQ,http://www.youtube.com/channel/UCQuHBubjowOa_q10P34KnoQ,Efkan KNZ
UCR9sFzaG9Ia_kXJhfxtFMBA,http://www.youtube.com/channel/UCR9sFzaG9Ia_kXJhfxtFMBA,melodysheep
UCRm-DLbhzojKd10edotYxMg,http://www.youtube.com/channel/UCRm-DLbhzojKd10edotYxMg,France tv sport
UCRvMqYterhmbhtXYZu3ijog,http://www.youtube.com/channel/UCRvMqYterhmbhtXYZu3ijog,POTATOZ
UCS8MpFfUWxSzx009rPt3jNg,http://www.youtube.com/channel/UCS8MpFfUWxSzx009rPt3jNg,Wizzy Gang
UCSHPLd3bjdkbUAjwzYqVyvg,http://www.youtube.com/channel/UCSHPLd3bjdkbUAjwzYqVyvg,WaRTeK Games
UCSJxne19pJyW7l7HjHM-LRg,http://www.youtube.com/channel/UCSJxne19pJyW7l7HjHM-LRg,ZACK
UCSZbIenKDTG16OB-U5aAwIg,http://www.youtube.com/channel/UCSZbIenKDTG16OB-U5aAwIg,Wartek
UCSse-lNI1DQ4w-8lh7vfPUw,http://www.youtube.com/channel/UCSse-lNI1DQ4w-8lh7vfPUw,Lolywood
UCSvyuHw1gWtOYQiUS7t3vtw,http://www.youtube.com/channel/UCSvyuHw1gWtOYQiUS7t3vtw,KezahProd
UCTafEJoRl5myC8A50plIrng,http://www.youtube.com/channel/UCTafEJoRl5myC8A50plIrng,FabienOlicard
UCTt2AnK--mnRmICnf-CCcrw,http://www.youtube.com/channel/UCTt2AnK--mnRmICnf-CCcrw,Kevin Tran 陈科伟
UCUNv0EUZYhuelHXWoFLTqwg,http://www.youtube.com/channel/UCUNv0EUZYhuelHXWoFLTqwg,V5LD
UCUOmHuRD05Yzi2q5H6oLkzg,http://www.youtube.com/channel/UCUOmHuRD05Yzi2q5H6oLkzg,Parodie Actu
UCUT5fQpr7nyntGmWfad42lQ,http://www.youtube.com/channel/UCUT5fQpr7nyntGmWfad42lQ,Casseurs Flowters
UCUV716FELGFSBc5YM3Q1HTw,http://www.youtube.com/channel/UCUV716FELGFSBc5YM3Q1HTw,Yann en Replay
UCUo1RqYV8tGjV38sQ8S5p9A,http://www.youtube.com/channel/UCUo1RqYV8tGjV38sQ8S5p9A,HugoDécrypte - Grands formats
UCV4G8eTI0qxMbveC0rL3nkA,http://www.youtube.com/channel/UCV4G8eTI0qxMbveC0rL3nkA,Depielo
UCVBXlR7YhYUr-DfNG1XLrHA,http://www.youtube.com/channel/UCVBXlR7YhYUr-DfNG1XLrHA,Waxx
UCW0c8H6A5860RyfkXwxBpnQ,http://www.youtube.com/channel/UCW0c8H6A5860RyfkXwxBpnQ,Nico Mathieux
UCW2vbCj31ktnvM4vANi-TNQ,http://www.youtube.com/channel/UCW2vbCj31ktnvM4vANi-TNQ,La Ferme Jerome
UCWKrmttdd1v1O_qpPxWclYw,http://www.youtube.com/channel/UCWKrmttdd1v1O_qpPxWclYw,ValOne
UCWMYFDuCcvkmPiOf1RP_IKQ,http://www.youtube.com/channel/UCWMYFDuCcvkmPiOf1RP_IKQ,Bigorneaux & Coquillages
UCWeg2Pkate69NFdBeuRFTAw,http://www.youtube.com/channel/UCWeg2Pkate69NFdBeuRFTAw,SQUEEZIE
UCWjwOKRRrxhWeZzgdj4qoMw,http://www.youtube.com/channel/UCWjwOKRRrxhWeZzgdj4qoMw,Pierre Croce Volume 2
UCWnfDPdZw6A23UtuBpYBbAg,http://www.youtube.com/channel/UCWnfDPdZw6A23UtuBpYBbAg,Dr Nozman
UCWxt-Sphj4wcAoaIfhsALRg,http://www.youtube.com/channel/UCWxt-Sphj4wcAoaIfhsALRg,bref.
UCX04V8mVdQR_esd-v-Ji1HQ,http://www.youtube.com/channel/UCX04V8mVdQR_esd-v-Ji1HQ,Low4n
UCXapBbZyOgvYwOlqYzf8dhg,http://www.youtube.com/channel/UCXapBbZyOgvYwOlqYzf8dhg,Hugo Tout Seul
UCXfp5IKQSutQvPlrDRKo9xg,http://www.youtube.com/channel/UCXfp5IKQSutQvPlrDRKo9xg,Les Indécis
UCXwummUhfF-o4o9YXiJUT8A,http://www.youtube.com/channel/UCXwummUhfF-o4o9YXiJUT8A,Morgan VS
UCY-_QmcW09PHAImgVnKxU2g,http://www.youtube.com/channel/UCY-_QmcW09PHAImgVnKxU2g,SQUEEZIE GAMING
UCYatmVYJvIKbBz9rM1uCgsA,http://www.youtube.com/channel/UCYatmVYJvIKbBz9rM1uCgsA,Millenium CoD
UCYnvxJ-PKiGXo_tYXpWAC-w,http://www.youtube.com/channel/UCYnvxJ-PKiGXo_tYXpWAC-w,Micode
UCYpRDnhk5H8h16jpS84uqsA,http://www.youtube.com/channel/UCYpRDnhk5H8h16jpS84uqsA,Le Monde
UCYsG7QNTknXGlyEOM5nJXyA,http://www.youtube.com/channel/UCYsG7QNTknXGlyEOM5nJXyA,RBM
UCYx7aAgyuFvpESh9YGKNsXg,http://www.youtube.com/channel/UCYx7aAgyuFvpESh9YGKNsXg,Serge le Mytho
UC_i-uMpN1lEyuoUGDq-dajQ,http://www.youtube.com/channel/UC_i-uMpN1lEyuoUGDq-dajQ,Le Raptor
UC_i8X3p8oZNaik8X513Zn1Q,http://www.youtube.com/channel/UC_i8X3p8oZNaik8X513Zn1Q,FilmsActu
UC_zDtZY3IxchiJjTu4Vq_Zg,http://www.youtube.com/channel/UC_zDtZY3IxchiJjTu4Vq_Zg,PRIME
UCayUEwpbi4htAzpTIKQLi6w,http://www.youtube.com/channel/UCayUEwpbi4htAzpTIKQLi6w,Legends Of Gaming France
UCbT_0CY6LEcrHHNyQvaJGSA,http://www.youtube.com/channel/UCbT_0CY6LEcrHHNyQvaJGSA,Connasse
UCbftNs1lJvyTUZzgPcs_WcQ,http://www.youtube.com/channel/UCbftNs1lJvyTUZzgPcs_WcQ,Gonzaguetv Vlog
UCblfuW_4rakIf2h6aqANefA,http://www.youtube.com/channel/UCblfuW_4rakIf2h6aqANefA,Red Bull
UCc-4HSPd7yMcK1Y5XkVVwGQ,http://www.youtube.com/channel/UCc-4HSPd7yMcK1Y5XkVVwGQ,ludovik
UCc3auP4KRed7dDBQEtYslbw,http://www.youtube.com/channel/UCc3auP4KRed7dDBQEtYslbw,Micode • Shorts
UCc_zXXkAcczSjR3U6zHlc-Q,http://www.youtube.com/channel/UCc_zXXkAcczSjR3U6zHlc-Q,Les Recettes Pompettes
UCcbG0C6CZuPiQkkHxo_Prgw,http://www.youtube.com/channel/UCcbG0C6CZuPiQkkHxo_Prgw,Gringe Officiel
UCcziTK2NKeWtWQ6kB5tmQ8Q,http://www.youtube.com/channel/UCcziTK2NKeWtWQ6kB5tmQ8Q,e-penser 2.0
UCd0V9SfenWqlPsTt5-AyN8A,http://www.youtube.com/channel/UCd0V9SfenWqlPsTt5-AyN8A,Bloqués
UCd1h_PhwRYrI2G7K78jnyvA,http://www.youtube.com/channel/UCd1h_PhwRYrI2G7K78jnyvA,Jerem
UCeJlXGyEl7kBgQJKADAHM3A,http://www.youtube.com/channel/UCeJlXGyEl7kBgQJKADAHM3A,Fédération Française de Football
UCeah3nqu_v6KfpXrCzEARQw,http://www.youtube.com/channel/UCeah3nqu_v6KfpXrCzEARQw,Chronik Fiction
UCeg0PVLfsBKFLGd9V_EvbGA,http://www.youtube.com/channel/UCeg0PVLfsBKFLGd9V_EvbGA,Caballero & JeanJass
UCfVvs0vjRy8-B7Xz4cJEhMg,http://www.youtube.com/channel/UCfVvs0vjRy8-B7Xz4cJEhMg,Carambar
UCfXXAQ-mp1uUcvSpvMcAAtw,http://www.youtube.com/channel/UCfXXAQ-mp1uUcvSpvMcAAtw,LinksTheSun
UCgPQeXWcguRluJlJybKP23g,http://www.youtube.com/channel/UCgPQeXWcguRluJlJybKP23g,"""Les Aventures de Neo & Broken"""
UCgXcFYcRMlv4cGMoXLqJwdA,http://www.youtube.com/channel/UCgXcFYcRMlv4cGMoXLqJwdA,Tommy
UCgvqvBoSHB1ctlyyhoHrGwQ,http://www.youtube.com/channel/UCgvqvBoSHB1ctlyyhoHrGwQ,Amixem
UCiMgBV0puDbAGdDUcVyNdVA,http://www.youtube.com/channel/UCiMgBV0puDbAGdDUcVyNdVA,Le Dézapping du Before
UCixstNkzkK0aUzo6N9OVl6Q,http://www.youtube.com/channel/UCixstNkzkK0aUzo6N9OVl6Q,Brodie Smith
UCjfPQ8Zo9NhrBa0tinsSUrQ,http://www.youtube.com/channel/UCjfPQ8Zo9NhrBa0tinsSUrQ,Charles Villa
UCjxfoYq1vAEGU7KD_C3I48g,http://www.youtube.com/channel/UCjxfoYq1vAEGU7KD_C3I48g,Mamytwink
UCkEa1AfdeB93-he4VziKGFg,http://www.youtube.com/channel/UCkEa1AfdeB93-he4VziKGFg,JIGMÉ
UCl5Odl0ohniX3TPB7oGMD7w,http://www.youtube.com/channel/UCl5Odl0ohniX3TPB7oGMD7w,Le Football Français
UCldEOBnA-zxvEAqqomIXSLA,http://www.youtube.com/channel/UCldEOBnA-zxvEAqqomIXSLA,LaVraieVieDeBengui
UCllX2fGzT8wfIYhL0FapyHw,http://www.youtube.com/channel/UCllX2fGzT8wfIYhL0FapyHw,Red Bull Binks
UCm7o3SiyBiq-beAi3oNu_Cg,http://www.youtube.com/channel/UCm7o3SiyBiq-beAi3oNu_Cg,Julien Josselin
UCmIoN2ICieMp1hX2R_VmYkg,http://www.youtube.com/channel/UCmIoN2ICieMp1hX2R_VmYkg,IbraTV
UCmO5fabx0WgGmiSi-g3l48A,http://www.youtube.com/channel/UCmO5fabx0WgGmiSi-g3l48A,Kevin Mayer
UCmPSwsooZq8an7xOLQQhAdw,http://www.youtube.com/channel/UCmPSwsooZq8an7xOLQQhAdw,Rémi GAILLARD
UCmpptkXu8iIFe6kfDK5o7VQ,http://www.youtube.com/channel/UCmpptkXu8iIFe6kfDK5o7VQ,Machine Learnia
UCmy-oVpSK0i3sJF0_FL1PlQ,http://www.youtube.com/channel/UCmy-oVpSK0i3sJF0_FL1PlQ,AD
UCnuj9DcB_AQewTgTml89t7A,http://www.youtube.com/channel/UCnuj9DcB_AQewTgTml89t7A,IbraPlus
UCnzWXmq8l0TIguCPDsrY78Q,http://www.youtube.com/channel/UCnzWXmq8l0TIguCPDsrY78Q,JHON RACHID
UCoRnHlbVByoYV6st5kPxOIQ,http://www.youtube.com/channel/UCoRnHlbVByoYV6st5kPxOIQ,Zap Télé Officiel
UCoZoRz4-y6r87ptDp4Jk74g,http://www.youtube.com/channel/UCoZoRz4-y6r87ptDp4Jk74g,Palmashow
UCotUq2SF5aH_RB5zV7bT18w,http://www.youtube.com/channel/UCotUq2SF5aH_RB5zV7bT18w,IngloriousJojo
UCp6bpinXPzdx7d7-gekWzZQ,http://www.youtube.com/channel/UCp6bpinXPzdx7d7-gekWzZQ,Bigflo et Oli
UCqK1waQtKyHfjEEtMfxvudg,http://www.youtube.com/channel/UCqK1waQtKyHfjEEtMfxvudg,Marine Leleu
UCqP5YkY5Uw2nZRD3qpYzVTg,http://www.youtube.com/channel/UCqP5YkY5Uw2nZRD3qpYzVTg,VodKIRL
UCqhnX4jA0A5paNd1v-zEysw,http://www.youtube.com/channel/UCqhnX4jA0A5paNd1v-zEysw,GoPro
UCqmOPbRuNNVn_qMlHt2lLJw,http://www.youtube.com/channel/UCqmOPbRuNNVn_qMlHt2lLJw,Le Before du Grand Journal
UCqrtWbyOj-LA4hvdb7zyVPg,http://www.youtube.com/channel/UCqrtWbyOj-LA4hvdb7zyVPg,MsBgirl45
UCrLTHz-a-RgeVCkx4iOhs0w,http://www.youtube.com/channel/UCrLTHz-a-RgeVCkx4iOhs0w,Roméo Elvis
UCrQjCrWOS63rBxO15TA5CfQ,http://www.youtube.com/channel/UCrQjCrWOS63rBxO15TA5CfQ,Lorenzo
UCrV9WAskZm1ZdWsHFDwR-OA,http://www.youtube.com/channel/UCrV9WAskZm1ZdWsHFDwR-OA,Totty
UCrk5msrbVgbB0f3gAP0UOAg,http://www.youtube.com/channel/UCrk5msrbVgbB0f3gAP0UOAg,Zydar27
UCrp9ngtJ52JQ3XM1RF9rNIg,http://www.youtube.com/channel/UCrp9ngtJ52JQ3XM1RF9rNIg,L'histoire racontée par des chaussettes
UCs7iu-oRf40iuX-3kO-4msg,http://www.youtube.com/channel/UCs7iu-oRf40iuX-3kO-4msg,André Manoukian
UCsRpMWlFJAhIEoFfLteayNQ,http://www.youtube.com/channel/UCsRpMWlFJAhIEoFfLteayNQ,guitou magie
UCsX9gsmftmgRJwA-2JdEfgQ,http://www.youtube.com/channel/UCsX9gsmftmgRJwA-2JdEfgQ,CarbonRH
UCsb2tMsyW2najK5my0ja9mA,http://www.youtube.com/channel/UCsb2tMsyW2najK5my0ja9mA,CinéSérie - Trailers FR
UCsxMBRUkXRFAYwH2TLm4o0A,http://www.youtube.com/channel/UCsxMBRUkXRFAYwH2TLm4o0A,Les Tutos
UCtihF1ZtlYVzoaj_bKLQZ-Q,http://www.youtube.com/channel/UCtihF1ZtlYVzoaj_bKLQZ-Q,Natoo
UCtlZuTYi9257aJnCPHjjZWQ,http://www.youtube.com/channel/UCtlZuTYi9257aJnCPHjjZWQ,Funeral Play
UCtqICqGbPSbTN09K1_7VZ3Q,http://www.youtube.com/channel/UCtqICqGbPSbTN09K1_7VZ3Q,DirtyBiology
UCuA8gCQIVL39dGNZfXm6kgw,http://www.youtube.com/channel/UCuA8gCQIVL39dGNZfXm6kgw,PRIMETIMEFUT MUSICS
UCuBzVunAVbcwzMfQaJVacuw,http://www.youtube.com/channel/UCuBzVunAVbcwzMfQaJVacuw,LE ROI DES RATS
UCuIyhergGAWTG1XBvIfW2PA,http://www.youtube.com/channel/UCuIyhergGAWTG1XBvIfW2PA,ZackNaniTV
UCuKa7_pustUzOj3IBcgYNPg,http://www.youtube.com/channel/UCuKa7_pustUzOj3IBcgYNPg,Benjamin Verrecchia
UCuN20WNtAkGfbYjlCT2frTg,http://www.youtube.com/channel/UCuN20WNtAkGfbYjlCT2frTg,Speakerine
UCv88958LRDfndKV_Y7XmAnA,http://www.youtube.com/channel/UCv88958LRDfndKV_Y7XmAnA,Les Kassos
UCvGag7MyHR8H9oRm9iL9Ifw,http://www.youtube.com/channel/UCvGag7MyHR8H9oRm9iL9Ifw,Experimentboy
UCv_Fc7UbxIKbXO3cYXRtYlw,http://www.youtube.com/channel/UCv_Fc7UbxIKbXO3cYXRtYlw,Red Bull Checkpoint
UCv_yfkYRWqYmpd0-lm7qMeg,http://www.youtube.com/channel/UCv_yfkYRWqYmpd0-lm7qMeg,Smecta TV
UCvebOuGWNvuUpZBzpV_Bc9Q,http://www.youtube.com/channel/UCvebOuGWNvuUpZBzpV_Bc9Q,Mhd Officiel
UCwDeagCMN0rTg5-r3s9AINA,http://www.youtube.com/channel/UCwDeagCMN0rTg5-r3s9AINA,GotagaTV
UCww2zZWg4Cf5xcRKG-ThmXQ,http://www.youtube.com/channel/UCww2zZWg4Cf5xcRKG-ThmXQ,Norman
UCx2_YA88eCz5HuB7Tb3GWtg,http://www.youtube.com/channel/UCx2_YA88eCz5HuB7Tb3GWtg,Ultimate Making
UCxH16958KSxT4Z9yL_9JYtw,http://www.youtube.com/channel/UCxH16958KSxT4Z9yL_9JYtw,EGO
UCxLyFiu1ff1kjxCbAu4MMDA,http://www.youtube.com/channel/UCxLyFiu1ff1kjxCbAu4MMDA,CHASSE EMBARQUEE
UCxbFOHgBBWOsUjJ49M7g0TA,http://www.youtube.com/channel/UCxbFOHgBBWOsUjJ49M7g0TA,Minecraft Zephirr
UCy0I5Hcl2k7dN4UdZTedfeQ,http://www.youtube.com/channel/UCy0I5Hcl2k7dN4UdZTedfeQ,Hit the Road
UCyOphwnua5w-ugqL9Rdownw,http://www.youtube.com/channel/UCyOphwnua5w-ugqL9Rdownw,Anil B
UCyWqModMQlbIo8274Wh_ZsQ,http://www.youtube.com/channel/UCyWqModMQlbIo8274Wh_ZsQ,Cyprien
UCyyEFeuPwwNIYMx19YrO6HQ,http://www.youtube.com/channel/UCyyEFeuPwwNIYMx19YrO6HQ,Hornet La Frappe
UCzNa5q3sdOAabQTMcqL_bKQ,http://www.youtube.com/channel/UCzNa5q3sdOAabQTMcqL_bKQ,Bouclette Brothers
UCzeVpsLYW4J4yvGO_7FiEQw,http://www.youtube.com/channel/UCzeVpsLYW4J4yvGO_7FiEQw,Oasis Be Fruit
UCzjd9v6DMprAAvOBB4sxBPA,http://www.youtube.com/channel/UCzjd9v6DMprAAvOBB4sxBPA,LE GRAND JD
UCzsbOFNauBVXnL1jwZeiBag,http://www.youtube.com/channel/UCzsbOFNauBVXnL1jwZeiBag,Dexerto FR





